Topic of the webinar,Date (DD-Mon-YYYY),Start Time (hh:mm AM/PM),End Time (hh:mm AM/PM),Duration (in mins),Organising Body,Link of the webinar,Image,Key Take aways / Agenda,Platform,Price (Free/Paid)
"Autism Inclusion in Sport, Recreation and Physical Education",30-Jul-20,11:30 AM,1:00 PM,90 min,Special Olympics Australia,https://www.eventbrite.com.au/e/autism-inclusion-in-sport-recreation-and-physical-education-webinar-4-tickets-112737946232?aff=ebdssbonlinesearch,https://img.evbuc.com/https%3A%2F%2Fcdn.evbuc.com%2Fimages%2F105586902%2F287839746118%2F1%2Foriginal.20200610-000347?w=800&auto=format%2Ccompress&q=75&sharp=10&rect=0%2C0%2C960%2C480&s=18d323fa62c1cff415e37cd4a5e62214,"Join Special Olympics Australia for a free live webinar series and learn practical strategies to include people with autism in your sport, physical education or recreation programs. Engage directly with experts and people with lived experience of autism. Increase your toolkit of knowledge, resources and practical applications to improve your confidence in delivering inclusive programming.",Website,Free
AFRICA FITNESS INSTRUCTORS WORKSHOP,01-Aug-20,4:30 PM,6:00 PM,90 min,AREPS AFRICA,https://www.eventbrite.co.uk/e/africa-fitness-instructors-workshop-2-tickets-111558183530?aff=ebdssbonlinesearch,https://img.evbuc.com/https%3A%2F%2Fcdn.evbuc.com%2Fimages%2F104768746%2F448705881418%2F1%2Foriginal.20200628-221643?w=800&auto=format%2Ccompress&q=75&sharp=10&rect=0%2C463%2C2000%2C1000&s=4bd127a159d1c2694400a49eaa5f07b3,"This workshop is open to all African Fitness Trainers.Certificates will be emailed to participants respective email addresses.

",Zoom,Free
Taiji Qigong 18 Movements,01-Aug-20,2:30 PM,3:30 PM,60 min,Ricefield Arts,https://www.eventbrite.co.uk/e/taiji-qigong-18-movements-part-1-tickets-112245304728?aff=ebdssbonlinesearch,https://img.evbuc.com/https%3A%2F%2Fcdn.evbuc.com%2Fimages%2F105263580%2F140789058702%2F1%2Foriginal.20200703-181415?w=800&auto=format%2Ccompress&q=75&sharp=10&rect=0%2C404%2C4300%2C2150&s=112ee2afa3b3fa91af0a6c3e81e6765d,https://img.evbuc.com/https%3A%2F%2Fcdn.evbuc.com%2Fimages%2F105263580%2F140789058702%2F1%2Foriginal.20200703-181415?w=800&auto=format%2Ccompress&q=75&sharp=10&rect=0%2C404%2C4300%2C2150&s=112ee2afa3b3fa91af0a6c3e81e6765d,Zoom,Free
Steadward Talks with Gudrun Doll-Tepper,02-Aug-20,7:30 PM,8:30 PM,60 min,Steadward Talks,https://www.eventbrite.com/e/july-27-steadward-talks-with-gudrun-doll-tepper-tickets-113766514708?aff=ebdssbonlinesearch,https://img.evbuc.com/https%3A%2F%2Fcdn.evbuc.com%2Fimages%2F106314316%2F308794683022%2F1%2Foriginal.20200716-171918?w=800&auto=format%2Ccompress&q=75&sharp=10&rect=0%2C24%2C480%2C240&s=f36ddf6c203ce0cede3e9ae5d17b1b5c,A conversation with Prof. Dr. Gudrun Doll-Tepper on Opportunities and Challenges for the Future Inclusion of Athletes with a Disability,Zoom,Free
Women's Football 2020: A Field of Dreams,30-Jul-20,1:30 PM,8:30 PM,420 min,"University of Central Lancashire, Centre for Volunteering and Community Lea...",https://www.eventbrite.co.uk/e/womens-football-2020-a-field-of-dreams-online-webinar-tickets-107835302292?aff=ebdssbonlinesearch,https://img.evbuc.com/https%3A%2F%2Fcdn.evbuc.com%2Fimages%2F102564798%2F64517778051%2F1%2Foriginal.20200603-151522?w=800&auto=format%2Ccompress&q=75&sharp=10&rect=1%2C25%2C504%2C252&s=939bfe316eec5aa6204e0c76ae4dd480,"The University of Central Lancashire, Dick, Kerr Ladies™ and the Centre for Women’s Football Studies would like to invite individuals with interest in Women’s Football to our first conference. The purpose of the conference is to connect the past to the present and provide a platform for shaping the future. The conference will be of interest to anyone involved in the playing, coaching, and organisation of the women’s game, as well as those exploring the history of Women’s Football. We will be placing a strong emphasis on the engagement and development of young people, who will be invited to share their ideas and experiences.",Website,Free
Mat Pilates Workshop,26-Jul-20,2:30 PM,3:30 PM,60 min,Ricefield Arts,https://www.eventbrite.co.uk/e/mat-pilates-workshop-part-2-tickets-112241928630?aff=ebdssbonlinesearch,https://img.evbuc.com/https%3A%2F%2Fcdn.evbuc.com%2Fimages%2F105261296%2F140789058702%2F1%2Foriginal.20200703-173930?w=800&auto=format%2Ccompress&q=75&sharp=10&rect=0%2C455%2C5238%2C2619&s=9d8697bd1da6c66369b187ee99f2e7c7,Take part in our relaxing and calming Mat Pilates Class with Pui Lee. She will show you how to set up the body in correct posture with the core muscles engaged. You will then take part in a gentle warm-up to mobilise the joints followed by various Pilates exercises. The session will then finish with flexibility work and relaxation.,Zoom,Free
Yoga in the Park,30-Jul-20,5:30 PM,6:30 PM,60 min,Washington Square Park Conservancy,https://www.eventbrite.com/e/yoga-in-the-park-inside-tickets-114342678028?aff=ebdssbonlinesearch,https://img.evbuc.com/https%3A%2F%2Fcdn.evbuc.com%2Fimages%2F106672010%2F151859900897%2F1%2Foriginal.20200522-191943?w=800&auto=format%2Ccompress&q=75&sharp=10&rect=0%2C880%2C4032%2C2016&s=9567be2fa3270721599b5c8aecd51a74,"We're bringing your favorite Washington Square Park fitness classes inside to you! Join CorePower Yoga for this open level class ""from"" the Park.",Website,Free
Hip Hop Beginner Taster Dance Class,28-Jul-20,5:30 PM,6:30 PM,60 min,Battle Hill Multi-Use Centre,https://www.eventbrite.co.uk/e/hip-hop-beginner-taster-dance-class-tickets-112112168514?aff=ebdssbonlinesearch,https://img.evbuc.com/https%3A%2F%2Fcdn.evbuc.com%2Fimages%2F105154646%2F447846292120%2F1%2Foriginal.20200702-143148?w=800&auto=format%2Ccompress&q=75&sharp=10&rect=1%2C532%2C1074%2C537&s=9580e90dceb5cc01d675aa6e0b40d3fb,"Join 2 x British Classical Sequence & Ballroom dancing champion Christina from Crazy4Fitness, for a fun Hip Hop dance class covering the basics. Don't worry this is for beginners!",Zoom,Free
Sport Sector Covid-19 Grants Scheme,28-Jul-20,4:00 PM,5:30 PM,90 min,Sport Ireland,https://www.eventbrite.ie/e/sport-sector-covid-19-grants-scheme-overview-tickets-114294985378?aff=ebdssbonlinesearch,https://img.evbuc.com/https%3A%2F%2Fcdn.evbuc.com%2Fimages%2F106639844%2F198379513570%2F1%2Foriginal.20200721-135304?w=800&auto=format%2Ccompress&q=75&sharp=10&rect=88%2C47%2C444%2C222&s=d4f695f19f19a560ca141f7dee26e8ac,Sport Ireland will provide an overview of the grants schemes available to the sport sector under the Covid-19 Funding Programme.,Website,Free
BollyX with Swati and Cordi,29-Jul-20,3:00 PM,4:00 PM,60 min,Cordula Neckermann,https://www.eventbrite.co.uk/e/bollyx-with-swati-and-cordi-tickets-114133983818?aff=ebdssbonlinesearch,https://img.evbuc.com/https%3A%2F%2Fcdn.evbuc.com%2Fimages%2F106541004%2F155008552245%2F1%2Foriginal.20200720-135920?w=800&auto=format%2Ccompress&q=75&sharp=10&rect=25%2C0%2C2426%2C1213&s=684fa167a57b425e20c3b1e1e0b7c3ae,"In only 50 minutes you can burn up to 500 calories or more, raise your heart rate and feel refreshed.",Zoom,Free
RMIT Sport Leadership Series - Dylan Alcott,29-Jul-20,1:00 PM,2:00 PM,60 min,RMIT Student Life,https://www.eventbrite.com.au/e/rmit-sport-leadership-series-dylan-alcott-session-one-tickets-109598285422?aff=ebdssbonlinesearch,https://img.evbuc.com/https%3A%2F%2Fcdn.evbuc.com%2Fimages%2F106255266%2F218232811607%2F1%2Foriginal.20200716-011944?w=800&auto=format%2Ccompress&q=75&sharp=10&rect=0%2C82%2C472%2C236&s=59c3a26cbbff104da6f0bc913e7df1f7,"The Inspiring Leadership series will enable you to engage with diverse sporting personalities, to incite self-development and connectivity. Don't miss out on this exclusive opportunity to hear from these exceptional athletes.",Website,Free
BollyX with Cordi,26-Jul-20,5:30 PM,6:30 PM,60 min,Cordula Neckermann,https://www.eventbrite.co.uk/e/bollyx-with-cordi-free-trial-class-on-sunday-tickets-114131827368?aff=ebdssbonlinesearch,https://img.evbuc.com/https%3A%2F%2Fcdn.evbuc.com%2Fimages%2F106538098%2F155008552245%2F1%2Foriginal.20200615-100801?w=800&auto=format%2Ccompress&q=75&sharp=10&rect=19%2C0%2C2426%2C1213&s=9ca09eaf486a94ead7b1897111aa8b62,"In only 50 minutes you can burn up to 500 calories or more, raise your heart rate and feel refreshed.",Zoom,Free
Waking The Red Weekly presented by Footy Talks,28-Jul-20,9:30 PM,10:30 PM,60 min,Homestand Sports,https://www.eventbrite.ca/e/waking-the-red-weekly-presented-by-footy-talks-tickets-114454745224?aff=ebdssbonlinesearch,https://img.evbuc.com/https%3A%2F%2Fcdn.evbuc.com%2Fimages%2F106761198%2F215123076781%2F1%2Foriginal.20200703-001941?w=800&auto=format%2Ccompress&q=75&sharp=10&rect=833%2C0%2C3334%2C1667&s=ce630f08486d0d8b82022bb322bf3e90,"MLS is Back! and every Tuesday the Waking the Red crew will be hosting a live and interactive discussion about all things Toronto FC. Join Mitchell Tierney, Michael Singh and Jeffrey P. Nesker, as well as special guests, each week for an hour of footy nonsense.",Website,Free
Free Virtual Zumba,30-Jul-20,9:30 PM,10:00 PM,30 min,Get Out Get Active Wales (GOGA),https://www.eventbrite.co.uk/e/free-virtual-zumba-tickets-113334462428?aff=ebdssbonlinesearch,https://img.evbuc.com/https%3A%2F%2Fcdn.evbuc.com%2Fimages%2F105981758%2F208435218198%2F1%2Foriginal.20200713-120906?w=800&auto=format%2Ccompress&q=75&sharp=10&rect=0%2C87%2C822%2C411&s=57c2cf765b4ff5f37e9f48114ac33c34,Get Out Get Active (GOGA) have teamed up with a female Zumba instructor to give you all a free virtual 40 minute session on Thursday 30th July at 5pm,Zoom,Free
Free Virtual Zumba,28-Jul-20,9:30 PM,10:00 PM,30 min,Get Out Get Active Wales (GOGA),https://www.eventbrite.co.uk/e/free-virtual-zumba-tickets-113333232750?aff=ebdssbonlinesearch,https://img.evbuc.com/https%3A%2F%2Fcdn.evbuc.com%2Fimages%2F105981164%2F208435218198%2F1%2Foriginal.20200713-115907?w=800&auto=format%2Ccompress&q=75&sharp=10&rect=0%2C88%2C822%2C411&s=61d619e6f981c361eb8b5ed7c0a108fe,Get Out Get Active (GOGA) have teamed up with a female Zumba instructor to give you all a free virtual 40 minute session on Tuesday 28th July at 5pm,Zoom,Free
Ultimate Knockout Workout,01-Aug-20,7:30 PM,8:30 PM,60 min,Vecinos Market,https://www.eventbrite.com/e/ultimate-knockout-workout-tickets-113407478822?aff=ebdssbonlinesearch,https://img.evbuc.com/https%3A%2F%2Fcdn.evbuc.com%2Fimages%2F106046000%2F459743680922%2F1%2Foriginal.20200713-225659?w=800&auto=format%2Ccompress&q=75&sharp=10&rect=0%2C20%2C586%2C293&s=261d4ca7c5f5e748225bb261d8e4e84c,Join Mafe from CkyleJab for the Ultimate Knockout workout. Mafe will show us the proper boxing stances and types of punches to ensure proper form in this fun and productive 60 minute virtual class.,Website,Free
HIIT - Strong Nation - Virtual Workout Class,26-Jul-20,11:30 PM,12:30 PM,60 min,IAM Advisory Group,https://www.eventbrite.sg/e/hiit-strong-nation-virtual-workout-class-tickets-113092851764?aff=ebdssbonlinesearch,https://img.evbuc.com/https%3A%2F%2Fcdn.evbuc.com%2Fimages%2F105818812%2F198763008373%2F1%2Foriginal.20200710-121338?w=800&auto=format%2Ccompress&q=75&sharp=10&rect=70%2C0%2C2476%2C1238&s=18898a8122e359e4953da11c5d6cad6d,This revolutionary HIIT workout will test your strength and stamina in a powerful cardio and muscle-conditioning session.,Website,Free
NWSL Challenge Cup Watch Party!!,26-Jul-20,9:00 PM,12:00 AM,180 min,Vs. Bar Campaign,https://www.eventbrite.co.uk/e/2020-nwsl-challenge-cup-watch-party-tickets-114000169576?aff=ebdssbonlinesearch,https://img.evbuc.com/https%3A%2F%2Fcdn.evbuc.com%2Fimages%2F106476580%2F405672551081%2F1%2Foriginal.20200719-092356?w=800&auto=format%2Ccompress&q=75&sharp=10&rect=0%2C0%2C2160%2C1080&s=4ec73e11773c010f584caa72a08d3e1d,"It's a party!!! After a month of heart-pounding matches (and PKs) we've just about arrived at the final!Whether you're rooting for Portland Thorns, Houston Dash, Chicago Red Stars, Sky Blue FC, or just the ability to watch the beautiful game at all right now, join us on Zoom to scream at your screens and find out who will become the 2020 NWSL Challenge Cup Champions.

",Zoom,Free
We Are Sport: LGBTQI2S Inclusion,29-Jul-20,9:30 PM,10:30 PM,60 min,Canadian Women & Sport,https://www.eventbrite.ca/e/we-are-sport-lgbtqi2s-inclusion-29-06-2020-tickets-113127322868?aff=ebdssbonlinesearch,https://img.evbuc.com/https%3A%2F%2Fcdn.evbuc.com%2Fimages%2F105841494%2F219029783631%2F1%2Foriginal.20200710-164319?w=800&auto=format%2Ccompress&q=75&sharp=10&rect=0%2C0%2C2160%2C1080&s=0cdfa7c9c734f8c193b21bb463fae3e0,Our panel of experts will offer their advice on what actions actions the sports industry can take to ensure that it becomes more inclusive for the LGBTQI2S sport community.,Zoom,Free
Parkour UK Insurance,28-Jul-20,4:30 PM,5:15 PM,45 min,Dan Newton,https://www.eventbrite.co.uk/e/parkour-uk-insurance-tickets-113915412064?aff=ebdssbonlinesearch,https://img.evbuc.com/https%3A%2F%2Fcdn.evbuc.com%2Fimages%2F106405982%2F454516122382%2F1%2Foriginal.20200717-180733?w=800&auto=format%2Ccompress&q=75&sharp=10&rect=0%2C3%2C628%2C314&s=42060be92a42db9673db53b98830093e,Introduction to the insurance cover provided with Parkour UK membership. The session will be with Daniel Thompson (Head of Sport – UK) at Bluefin Sport,website,Free
Wayne's Weekly Workout,30-Jul-20,9:30 PM,10:00 PM,30 min,Get Out Get Active Wales (GOGA),https://www.eventbrite.co.uk/e/waynes-weekly-workout-tickets-112950909210?aff=ebdssbonlinesearch,https://img.evbuc.com/https%3A%2F%2Fcdn.evbuc.com%2Fimages%2F105717990%2F208435218198%2F1%2Foriginal.20200618-092257?w=800&auto=format%2Ccompress&q=75&sharp=10&rect=0%2C60%2C480%2C240&s=91f46faa5a37c9d699046f7967ecd84f,Get Out Get Active (GOGA) have teamed up with a Male Mixed Martial Arts instructor to give you all a free virtual 40-minute session on Thursday [Date] at 5pm,Zoom,Free
Free Camp Gladiator Virtual Workout,01-Aug-20,8:30 PM,10:00 PM,90 min,Bethany Lauren Fitness,https://www.eventbrite.com/e/free-camp-gladiator-virtual-workout-tickets-113997016144?aff=ebdssbonlinesearch,https://img.evbuc.com/https%3A%2F%2Fcdn.evbuc.com%2Fimages%2F106473648%2F66679587525%2F1%2Foriginal.20200719-055439?w=800&auto=format%2Ccompress&q=75&sharp=10&rect=0%2C224%2C1042%2C521&s=e415d13d4860038082a4ecb655b66d29,The hottest virtual workout experience heating up Summer 2020!,Website,Free
Asset Owners Insurance,28-Jul-20,9:00 PM,9:45 PM,45 min,Dan Newton,https://www.eventbrite.co.uk/e/asset-owners-insurance-tickets-113918425076?aff=ebdssbonlinesearch,https://img.evbuc.com/https%3A%2F%2Fcdn.evbuc.com%2Fimages%2F106408672%2F454516122382%2F1%2Foriginal.20200717-183845?w=800&auto=format%2Ccompress&q=75&sharp=10&rect=0%2C3%2C628%2C314&s=a621d1d58c8d95b85947647dac888ca7,"Overview of asset owners insurance cover with Daniel Thompson (Head of Sport – UK) at Bluefin SportYou will have the opportunity to ask questions during the session. If you would like to share them in advance please send them to dan.newton@parkour.uk.

",Website,Free
Full Body AMRAP w/ Shreya,26-Jul-20,8:30 PM,9:30 PM,60 min,Summer Sweat Committee,https://www.eventbrite.com/e/full-body-amrap-w-shreya-tickets-114035423020?aff=ebdssbonlinesearch,https://img.evbuc.com/https%3A%2F%2Fcdn.evbuc.com%2Fimages%2F106494864%2F242816126603%2F1%2Foriginal.20200719-194959?w=800&auto=format%2Ccompress&q=75&sharp=10&rect=30%2C0%2C1140%2C570&s=d2e512a5ce45ef8f4efa93d9fef906e2,"Be sure to bring some weights, a yoga mat, and a resistance band if you have them. There will be modifications as needed! Join if you want to break a sweat and have an energizing start to the week!",Zoom,Free
GEWS Training/Networking Session 3- Topic through prior attendance feedback,27-Jul-20,2:30 PM,4:00 PM,90 min,Gender Equality in Wyndham Sport Project,https://www.eventbrite.com.au/e/gews-trainingnetworking-session-3-topic-through-prior-attendance-feedback-registration-107640333134?aff=ebdssbonlinesearch,https://img.evbuc.com/https%3A%2F%2Fcdn.evbuc.com%2Fimages%2F102420152%2F67428153059%2F1%2Foriginal.20200601-034545?w=800&auto=format%2Ccompress&q=75&sharp=10&rect=1%2C404%2C962%2C481&s=b76745f1677c76734101be1da89041d2,"In sessions 1 and 2 we explored gender equality in sports clubs and how to provide environments that reflect the the motivations, interests of girls and women and adapt to barriers that girls and women face.",Website,Free
"Return to Boating in Wales - Test, Trace, Protect",29-Jul-20,8:30 PM,9:30 PM,60 min,RYA Cymru Wales,https://www.eventbrite.co.uk/e/return-to-boating-in-wales-test-trace-protect-registration-114464237616?aff=ebdssbonlinesearch,https://img.evbuc.com/https%3A%2F%2Fcdn.evbuc.com%2Fimages%2F106770724%2F159134606856%2F1%2Foriginal.20200515-142219?w=800&auto=format%2Ccompress&q=75&sharp=10&rect=0%2C0%2C2160%2C1080&s=989b4da37b517f98d6cdb8fe4054d971,"Join us to find out more about Test, Trace, Protect, current Government guidelines, what it means to your club and how to manage the data you collect.",Website,Free
Ultimate Frisbee with Tatenda,26-Jul-20,7:30 PM,9:00 PM,90 min,Covidarity Festival,https://www.eventbrite.co.uk/e/ultimate-frisbee-with-tatenda-tickets-113538376340?aff=ebdssbonlinesearch,https://img.evbuc.com/https%3A%2F%2Fcdn.evbuc.com%2Fimages%2F106123456%2F459170311234%2F1%2Foriginal.20200714-182807?w=800&auto=format%2Ccompress&q=75&sharp=10&rect=0%2C0%2C2160%2C1080&s=2f61b0facfebbc6b4a5edfeaa1e62a42,"If you’re thinking “isn’t Frisbee that toy you throw in the park with your dog?” You’d be partially correct, but there’s so much more to it. Let’s take football for example, you have a football which is just an ball you can kick/throw about, but you also have Football, the organised team sport played all across the world, with rules, and governing bodies and leagues, This is what Ultimate Frisbee is in comparison to the humble plastic disc called a frisbee, except this sport has twists that makes it different from other sports, other than the fact it is played with a disc instead of ball.",Website,Free
CX Fitness - Total Body Tone with Midori Dowdie,01-Aug-20,7:30 PM,8:30 PM,60 min,Cambridge Crossing,https://www.eventbrite.com/e/cx-fitness-total-body-tone-with-midori-dowdie-tickets-112507641384?aff=ebdssbonlinesearch,https://img.evbuc.com/https%3A%2F%2Fcdn.evbuc.com%2Fimages%2F106571084%2F447959168764%2F1%2Foriginal.20200720-184904?w=800&auto=format%2Ccompress&q=75&sharp=10&rect=0%2C150%2C4800%2C2400&s=28298ebdbeb704c2fae9d78c5fd8f178,"Join us every first Saturday for a total-body Tone class lead by Midori Dowdie. This class is FREE and designed for all levels. Most importantly, have fun! Head to our Instagram to get started: instagram.com/cxcambridge",Website,Free
305 Fitness with Kinky Slippers,26-Jul-20,7:00 PM,8:00 PM,60 min,Kinky Slippers,https://www.eventbrite.com/e/305-fitness-with-kinky-slippers-tickets-111868176728?aff=ebdssbonlinesearch,https://img.evbuc.com/https%3A%2F%2Fcdn.evbuc.com%2Fimages%2F104974464%2F306459267755%2F1%2Foriginal.20200621-153752?w=800&auto=format%2Ccompress&q=75&sharp=10&rect=216%2C660%2C1798%2C899&s=413c9f316e1bb83985cce58a788ec8fb,"305 is more than an addictive 45-minute cardio dance party. It’s a safe space where you can release your inhibitions, let your freak flag fly, and meet open-minded people while getting stronger and happier. In an industry obsessed with scales and calories, we’re all about twerking hard while loving and appreciating our bodies exactly the way they are. By taking your first 305 class, you’re getting welcomed into the most uplifting, inclusive, and accepting community of Junkies in fitness.",Website,Free
Managing Member Behaviour,30-Jul-20,3:30 PM,5:00 PM,90 min,Sports Focus,https://www.eventbrite.com.au/e/managing-member-behaviour-online-workshop-tickets-113049736806?aff=ebdssbonlinesearch,https://img.evbuc.com/https%3A%2F%2Fcdn.evbuc.com%2Fimages%2F105792614%2F148300825552%2F1%2Foriginal.20200710-014835?w=800&auto=format%2Ccompress&q=75&sharp=10&rect=0%2C0%2C2160%2C1080&s=2165f62f8d44eb7b755dfd30e8042a88,"The Managing Member Behaviour workshop will look to assist clubs to:Better understand and identify poor behaviour? – in particular bullying, harassment & discrimination?;Set in place preventative measures? to reduce the likelihood of issues arising, specifically Codes of Conduct and disciplinary sanctions;Explore the Complaint Handling Process & how to resolve disputes?;Complaints, breaching codes of conduct, member disputes, grievances? – which process to follow and when;Understanding Grievance Procedures? and Disciplinary Procedures?;The role of Member Protection Policies & Member Protection Information Officers.",Website,Free
Power your Performance,30-Jul-20,9:30 PM,11:00 PM,90 min,"The Nectar Group | Your Brain, Only Better",https://www.eventbrite.com/e/power-your-performance-parent-university-webinar-series-tickets-110809101004?aff=ebdssbonlinesearch,https://img.evbuc.com/https%3A%2F%2Fcdn.evbuc.com%2Fimages%2F104343744%2F244590540156%2F1%2Foriginal.20200623-160415?w=800&auto=format%2Ccompress&q=75&sharp=10&rect=0%2C37%2C920%2C460&s=c7dbc9cdced7b476905d48e1e8907caf,Welcome to The Nectar Group's Parent University Webinar Series! Please register using the following link to attend this complimentary webinar:,Website,Free
Sunday Pilates Live by Citysocializer,26-Jul-20,4:30 PM,5:15 PM,75 min,Citysocializer,https://www.eventbrite.co.uk/e/sunday-pilates-live-by-citysocializer-tickets-113754709398?aff=ebdssbonlinesearch,https://img.evbuc.com/https%3A%2F%2Fcdn.evbuc.com%2Fimages%2F106279750%2F340836495575%2F1%2Foriginal.20200716-103022?w=800&auto=format%2Ccompress&q=75&sharp=10&rect=0%2C60%2C1920%2C960&s=852fc5189eef23f382c7c90ccea0fbba,With gyms shut down now for the foreseeable future its more important than ever to find new ways to keep your body and mind healthy and active and pilates is a great way to reduce anxiety and leave you feeling more centred and energised before starting the week again the next day.,Zoom,Free
HIIT Class Live by Citysocializer,31-Jul-20,12:30 PM,1:00 PM,30 min,Citysocializer,https://www.eventbrite.co.uk/e/hiit-class-live-by-citysocializer-tickets-113752067496?aff=ebdssbonlinesearch,https://img.evbuc.com/https%3A%2F%2Fcdn.evbuc.com%2Fimages%2F106278380%2F340836495575%2F1%2Foriginal.20200716-100523?w=800&auto=format%2Ccompress&q=75&sharp=10&rect=0%2C0%2C1920%2C960&s=866ad044b6c96ee832914fd60210daf3,"Whether you're a big fan on HIIT, you've never done it before or you've always been too scared to go to try, everyone is welcome and you can go at your own pace, so there's no better time than now to give it a go.",Zoom,Free
Pound Fitness,26-Jul-20,7:30 PM,8:30 PM,60 min,Trista Moulton,https://www.eventbrite.com/e/pound-fitness-tickets-114491830146?aff=ebdssbonlinesearch,https://img.evbuc.com/https%3A%2F%2Fcdn.evbuc.com%2Fimages%2F106799794%2F36631262382%2F1%2Foriginal.20200723-033048?w=800&auto=format%2Ccompress&q=75&sharp=10&rect=52%2C0%2C292%2C146&s=161c228f2cba79616238c9285f5cbc64,"Instead of listening to music, you become the music in this exhilarating full-body workout that combines cardio, conditioning, and strength training with yoga and pilates-inspired movements. Using Ripstix®, lightly weighted drumsticks engineered specifically for exercising, POUND transforms drumming into an incredibly effective way of working out.",Website,Free
Mental Performance and Mental Health Clinic,29-Jul-20,9:30 PM,11:30 PM,120 min,mindSpark Learning,https://www.eventbrite.com/e/mental-performance-and-mental-health-clinic-an-msl-capita-series-tickets-112021619680?aff=ebdssbonlinesearch,https://img.evbuc.com/https%3A%2F%2Fcdn.evbuc.com%2Fimages%2F105093052%2F457167186834%2F1%2Foriginal.20200701-210515?w=800&auto=format%2Ccompress&q=75&sharp=10&rect=282%2C0%2C2162%2C1081&s=83640ad829e5bbd4a242a04112a61ccb,"Now more than ever, mental health and wellness has become a significant challenge for athletes all over the world. Unfortunately, a number of social and financial barriers still silence many people and keep them from getting the help they need. In order to overcome some of the stigmas associated with opening up, discussing and developing mental performance skills can open the door for athletes to improve their self-awareness and discuss their feelings and emotions in a more comfortable and accepted manner.",Zoom,Free
Youth player development,27-Jul-20,10:30 PM,11:30 PM,60 min,Matthew Harber,https://www.eventbrite.co.uk/e/youth-player-development-lloyd-gardner-tickets-107719213066?aff=ebdssbonlinesearch,https://img.evbuc.com/https%3A%2F%2Fcdn.evbuc.com%2Fimages%2F102785842%2F417039949741%2F1%2Foriginal.20200605-144637?w=800&auto=format%2Ccompress&q=75&sharp=10&rect=0%2C0%2C1920%2C960&s=869f8d7b0072d09732ea6f9033a9add7,"These seminars will discuss and share best practice for youth player development and provide more support and guidance for the excellent clubs within our region. Our speaker will present on their topic for approximately 45-50 minutes, followed by a live Q&A, which will last a further 10-15 minutes.",Website,Free
Running a Sports Business - What next?,28-Jul-20,1:30 PM,3:45 PM,135 min,Nottingham Business School,https://www.eventbrite.co.uk/e/running-a-sports-business-what-next-tickets-113876616024?aff=ebdssbonlinesearch,https://img.evbuc.com/https%3A%2F%2Fcdn.evbuc.com%2Fimages%2F106374708%2F404374340779%2F1%2Foriginal.20200717-110508?w=800&auto=format%2Ccompress&q=75&sharp=10&rect=1%2C61%2C770%2C385&s=38bfd66533c44b9751f6460769921b2c,"This event is an opportunity for you to talk with your peers about what you think the future will look like for sports businesses as lockdown is slowly lifted, learning from others to inspire forward thinking. What would help you strengthen your defence and emerge victorious? Be part of the debate!",Website,Free
Kettlebell Basics - Get Jacked Like Squat Johns,01-Aug-20,9:30 PM,10:30 PM,60 min,Eric Embers,https://www.eventbrite.com/e/kettlebell-basics-get-jacked-like-squat-johns-tickets-114154555348?aff=ebdssbonlinesearch,https://img.evbuc.com/https%3A%2F%2Fcdn.evbuc.com%2Fimages%2F106550800%2F460006511950%2F1%2Foriginal.20200720-153210?w=800&auto=format%2Ccompress&q=75&sharp=10&rect=36%2C0%2C2088%2C1044&s=1c6c3f9f891f3feb96a3cef68736aaff,Get fit now with Squat Johns and look like this guy.,Website,Free
BAFCA Virtual Convention 2020,26-Jul-20,10:00 PM,11:30 PM,90 min,BAFCA,https://www.eventbrite.co.uk/e/bafca-virtual-convention-2020-prep-for-contact-live-webinar-tickets-114293579172?aff=ebdssbonlinesearch,https://img.evbuc.com/https%3A%2F%2Fcdn.evbuc.com%2Fimages%2F106638692%2F143846548354%2F1%2Foriginal.20200721-134052?w=800&auto=format%2Ccompress&q=75&sharp=10&rect=0%2C5%2C1628%2C814&s=87f081c831b459abc8e9d41993f65e07,"As part of BAFCA's Virtual Coaching Convention we will be hosting a Live Webinar with USA Football 's Sr. Manager, Education and Training Andy Ryland on Prep for Contact.",Zoom,Free
LGBT x TRILOGY Virtual Bingo Bootcamp,01-Aug-20,6:30 PM,7:30 PM,60 min,Trilogy,https://www.eventbrite.com/e/lgbt-x-trilogy-virtual-bingo-bootcamp-tickets-114558284914?aff=ebdssbonlinesearch,https://img.evbuc.com/https%3A%2F%2Fcdn.evbuc.com%2Fimages%2F106842062%2F299131212950%2F1%2Foriginal.20200723-161716?w=800&auto=format%2Ccompress&q=75&sharp=10&rect=93%2C0%2C2250%2C1125&s=354a091ccc03dfac9b39f359bff7344c,"Join Trilogy for a 45-minute, full body circuit with no equipment required! This class will kick off a 2 week Bingo Challenge in support of the LGBT Center of Greater Cleveland. Each board is just $10 to enter and 100% of funds go directly to the center.",Website,Free
Zumba with Ellie,29-Jul-20,1:30 PM,2:10 PM,40 min,Ellie Frew,https://www.eventbrite.co.uk/e/zumba-with-ellie-tickets-114531254064?aff=ebdssbonlinesearch,https://img.evbuc.com/https%3A%2F%2Fcdn.evbuc.com%2Fimages%2F106823530%2F110539722261%2F1%2Foriginal.20200528-111802?w=800&auto=format%2Ccompress&q=75&sharp=10&rect=0%2C15%2C1016%2C508&s=6ffb6ca6eff4ad15e4e4155ddd62afe7,"Zumba takes the ""work"" out of workout, by mixing low-intensity and high-intensity moves for a calorie-burning dance fitness party. Once the Latin and World rhythms take over, you'll see why Zumba® classes are often called ""exercise in disguise"".",Zoom,Free
Key learnings from coaching football around the world,29-Jul-20,2:00 PM,4:00 PM,120 min,Football Coaches Australia,https://www.eventbrite.com.au/e/key-learnings-from-coaching-football-around-the-world-tickets-114519783756?aff=ebdssbonlinesearch,https://img.evbuc.com/https%3A%2F%2Fcdn.evbuc.com%2Fimages%2F106817868%2F251795508344%2F1%2Foriginal.20200723-105944?w=800&auto=format%2Ccompress&q=75&sharp=10&rect=13%2C0%2C324%2C162&s=d23b4fca99be29a2940f150c6e1e9297,"Key learnings from coaching in different countries - Australia, Italy and Trinidad Tobago – Club and National team levels - cultures, coaching education and pathways;Challenges;Barriers;Structures;Opportunities",Website,Free
Rules of the Road,26-Jul-20,10:30 PM,12:00 AM,90 min,Metro Bicycle Education Safety Training (BEST) Program,https://www.eventbrite.com/e/rules-of-the-road-bike-2-online-video-class-tickets-112896378106?aff=ebdssbonlinesearch,https://img.evbuc.com/https%3A%2F%2Fcdn.evbuc.com%2Fimages%2F105688884%2F55314082025%2F1%2Foriginal.20200617-003051?w=800&auto=format%2Ccompress&q=75&sharp=10&rect=0%2C816%2C3264%2C1632&s=f6553e141a87a4e3c0b7e2e9661d6286,"Through on-bike video instruction, you will learn how to start and stop with confidence, scan, and signal; how to adjust your bike and helmet before a ride; and how to perform a simple inspection to ensure your bike is road-ready. You will also learn an overview of the rules of the road, how to plan your route, and tips and tricks to make bicycling for everyday travel safe and convenient.",Website,Free
Women in Sports,28-Jul-20,10:30 PM,11:30 PM,60 min,Collegiate Sports Management Group,https://www.eventbrite.com/e/women-in-sports-business-leadership-tickets-114130473318?aff=ebdssbonlinesearch,https://img.evbuc.com/https%3A%2F%2Fcdn.evbuc.com%2Fimages%2F106655446%2F447710151762%2F1%2Foriginal.20200721-162806?w=800&auto=format%2Ccompress&q=75&sharp=10&rect=52%2C0%2C702%2C351&s=c8ae2f694997ea0574a90d5613afd004,"The Women in Sports: Business Leadership Summit will feature women who exemplify leadership and success within the sports industry. The panelists will discuss a wide range of topics including their career path and the important roles they play in driving business success at their respective organizations. Additionally, they will discuss how leadership takes on even more importance in the face of crisis management as we all deal with the fall out of the coronavirus’ impact on the fall sports season.",Website,Free
Priorities and considerations for effective youth coaching | Dave Titmuss,28-Jul-20,10:30 PM,11:30 PM,60 min,Matthew Harber,https://www.eventbrite.co.uk/e/priorities-and-considerations-for-effective-youth-coaching-dave-titmuss-tickets-114444707200?aff=ebdssbonlinesearch,https://img.evbuc.com/https%3A%2F%2Fcdn.evbuc.com%2Fimages%2F106749592%2F417039949741%2F1%2Foriginal.20200722-161650?w=800&auto=format%2Ccompress&q=75&sharp=10&rect=0%2C0%2C1920%2C960&s=1753786c601b328fb60dbb815861cea8,"These seminars will discuss and share best practice for youth player development and provide more support and guidance for the excellent clubs within our region. Our speaker will present on their topic for approximately 45-50 minutes, followed by a live Q&A, which will last a further 10-15 minutes.",Website,Free
Co-leader Training,30-Jul-20,11:30 PM,1:30 AM,120 min,Jog Derbyshire,https://www.eventbrite.co.uk/e/co-leader-training-tickets-112636252062?aff=ebdssbonlinesearch,https://img.evbuc.com/https%3A%2F%2Fcdn.evbuc.com%2Fimages%2F105515042%2F452542676286%2F1%2Foriginal.20200707-114843?w=800&auto=format%2Ccompress&q=75&sharp=10&rect=0%2C82%2C640%2C320&s=2ee0a27c0538539a0c66b2d861a5f3da,"This session will focus on providing volunteers with the skills, knowledge and information needed to support their leaders and jog groups. It will be interactive and informal, so please come ready to contribute.",Zoom,Free
Coach Conversation: Event Specific Coaching,30-Jul-20,11:30 PM,12:30 AM,60 min,Manhattan Athletics,https://www.eventbrite.com/e/coach-conversation-event-specific-coaching-tickets-113776823542?aff=ebdssbonlinesearch,https://img.evbuc.com/https%3A%2F%2Fcdn.evbuc.com%2Fimages%2F106294300%2F438607353108%2F1%2Foriginal.20200716-140626?w=800&auto=format%2Ccompress&q=75&sharp=10&rect=103%2C28%2C1314%2C657&s=a515162bd735ba187d86a0536d788821,"Join Head Swimming & Diving Coach, Pat Malone, and Assistant Track & Field Coaches on a Zoom video chat. Our conversation will dive into coaching event specific athletes and training them for championship competition. Greg Mescall will moderate the discussion. Participants will have the opportunity to ask questions using Zoom's question feature. Don't miss your opportunity to catch up on Jasper Sports.",Zoom,Free
The Africa Football Business,30-Jul-20,10:30 PM,11:30 PM,60 min,The Football Foundation for Africa,https://www.eventbrite.com/e/the-africa-football-business-show-ep-2-tickets-114105233826?aff=ebdssbonlinesearch,https://img.evbuc.com/https%3A%2F%2Fcdn.evbuc.com%2Fimages%2F106864292%2F278446112773%2F1%2Foriginal.20200723-201133?w=800&auto=format%2Ccompress&q=75&sharp=10&rect=0%2C0%2C2160%2C1080&s=093fdd2939cefef76c3c358e8655cb8a,"In this episode, Shon Osimbo talks to renowned football writer David Goldblatt. David Goldblatt is a writer, academic and journalist. In 2006 he published the ""Ball is Round: A Global History of Football"" and in 2019 he published a successor volume ""The Age of Football: The Game in the Twenty-First Century"". Along the way, there have been books on English and Brazilian football, and global history of the Olympics.","Facebook,Youtube",Free
"Book Discussion Group B - “developing sport for women and girls""",28-Jul-20,8:30 PM,9:30 PM,60 min,Grassroots_Womens_Sport,https://www.eventbrite.com.au/e/book-discussion-group-b-developing-sport-for-women-and-girls-ch-2-3-tickets-113450836506?aff=ebdssbonlinesearch,https://img.evbuc.com/https%3A%2F%2Fcdn.evbuc.com%2Fimages%2F106075708%2F417648632905%2F1%2Foriginal.20200701-045040?w=800&auto=format%2Ccompress&q=75&sharp=10&rect=0%2C220%2C720%2C360&s=df75a636e16a9074f13fd3ef617a7298,The intention is to meet once a month via zoom to cover 2 chapters at a time. (Although nothing stops you reading ahead! We will also do a poll at the first meeting to see if there is sufficient numbers to offer a different frequency/pace ),Zoom,Free
Performance Breathing,26-Jul-20,10:30 PM,11:30 PM,60 min,Eventbrite,https://www.eventbrite.com/e/performance-breathing-tickets-112771217748?aff=ebdssbonlinesearch,https://img.evbuc.com/https%3A%2F%2Fcdn.evbuc.com%2Fimages%2F105611888%2F458281434348%2F1%2Foriginal.20200708-090653?w=800&auto=format%2Ccompress&q=75&sharp=10&rect=0%2C0%2C2160%2C1080&s=97f590612139ccbecb04f5d2f610b993,Performance Breathing Understanding breathwork Why is it important for training How can you add it into your training and performance,Website,Free
,,,,,,,,,,
,,,,,,,,,,
,,,,,,,,,,
,,,,,,,,,,
,,,,,,,,,,
,,,,,,,,,,
,,,,,,,,,,
,,,,,,,,,,
,,,,,,,,,,
,,,,,,,,,,
,,,,,,,,,,
,,,,,,,,,,
,,,,,,,,,,
,,,,,,,,,,
,,,,,,,,,,
,,,,,,,,,,
,,,,,,,,,,
,,,,,,,,,,
,,,,,,,,,,
,,,,,,,,,,
,,,,,,,,,,
,,,,,,,,,,
,,,,,,,,,,
,,,,,,,,,,
,,,,,,,,,,
,,,,,,,,,,
,,,,,,,,,,
,,,,,,,,,,
,,,,,,,,,,
,,,,,,,,,,
,,,,,,,,,,
,,,,,,,,,,
,,,,,,,,,,
,,,,,,,,,,
,,,,,,,,,,
,,,,,,,,,,
,,,,,,,,,,
,,,,,,,,,,
,,,,,,,,,,
,,,,,,,,,,
,,,,,,,,,,
,,,,,,,,,,
,,,,,,,,,,
,,,,,,,,,,
,,,,,,,,,,
,,,,,,,,,,
,,,,,,,,,,
,,,,,,,,,,
,,,,,,,,,,
