,Title,Link,Image,Author,Date,time,key takeaways / Agenda,†Free/Paid
0,Webinar: What to Do on Your First 90 Days as a PM by fmr Intercom PM,https://www.eventbrite.com/e/webinar-what-to-do-on-your-first-30-days-as-a-pm-by-intercom-pm-tickets-106754491558?aff=pswebsite,https://assets.productschool.com/wp-content/uploads/2020/05/18132329/Intercom.png,Ulaize Hernandez,"Monday, June 22nd, 2020",11:30AM - 12:00PM (PT) ,,
1,Webinar: Product Pricing Strategies by Western Digital Dir of PM,https://www.eventbrite.com/e/webinar-product-pricing-strategies-by-western-digital-dir-of-pm-tickets-108697561332?aff=pswebsite,https://assets.productschool.com/wp-content/uploads/2019/03/26151221/western.png,Parag Beeraka,"Monday, June 22nd, 2020",2:00PM - 2:30PM (PT) ,,
2,Product Management Live Chat by Booking.com Sr PM,https://www.eventbrite.com/e/product-management-live-chat-by-bookingcom-sr-pm-tickets-102900977594?aff=pswebsite,https://assets.productschool.com/wp-content/uploads/2018/07/20103706/Booking.com-Square.png,Puja Nanda,"Tuesday, June 23rd, 2020",10:30AM - 11:00AM (PT) ,,
3,Webinar: How to Onboard & Add Value to Your Team by YouTube PM,https://www.eventbrite.com/e/webinar-how-to-onboard-add-value-to-your-team-by-youtube-pm-tickets-107682489224?aff=pswebsite,https://assets.productschool.com/wp-content/uploads/2017/01/11132844/YouTube-Square-2.png,Karan Mathur,"Tuesday, June 23rd, 2020",11:30AM - 12:00PM (PT) ,,
4,Webinar: What I Wish I Knew About PM Before I Became a PM by Zappos PM,https://www.eventbrite.com/e/webinar-how-to-succeed-in-the-first-30-days-as-a-pm-by-square-sr-pm-tickets-106641876724?aff=pswebsite,https://assets.productschool.com/wp-content/uploads/2018/11/28154716/square_ogo.jpg,Daniel Taylor,"Tuesday, June 23rd, 2020",2:00PM - 2:30PM (PT) ,,
5,Fireside Chat with Drift CEO,https://www.eventbrite.com/e/fireside-chat-with-drift-ceo-tickets-107682878388?aff=pswebsite,https://assets.productschool.com/wp-content/uploads/2020/05/18132317/Drift.png,Carlos Gonz√°lez De Villaumbrosia and David Cancel,"Wednesday, June 24th, 2020",11:30AM - 12:00PM (PT) ,Join us for an interactive fireside chat series with Product Leaders from top tech companies worldwide.,Free
6,Webinar: Falling in Love with the Problem Statement by Nike Sr PM,https://www.eventbrite.com/e/webinar-falling-in-love-with-the-problem-statement-by-nike-sr-pm-tickets-107954266116?aff=pswebsite,https://assets.productschool.com/wp-content/uploads/2016/08/11140821/nike-square.jpg,Nikhil Wadhera,"Wednesday, June 24th, 2020",2:00PM - 2:30PM (PT) ,"Uncover the real problem: Henry Ford famously said: ìIf I had asked people what they wanted, they would have said faster horses.î (Henry Ford)",Free
7,Product Management Live Chat by Instagram PM,https://www.eventbrite.com/e/product-management-live-chat-by-instagram-pm-tickets-103344939496?aff=pswebsite,https://assets.productschool.com/wp-content/uploads/2019/07/23102251/instagram-logo.png,Deotima Mukherjee,"Thursday, June 25th, 2020",10:30AM - 11:00AM (PT) ,Deotima is a Product Manager thatís demonstrated a strong capability of managing large projects with global cross-functional teams where she delivered great results,Free
8,Webinar: How to Make your Product Accessible by Amazon Sr PM,https://www.eventbrite.com/e/webinar-how-to-make-your-product-accessible-by-amazon-sr-pm-tickets-98229804991?aff=pswebsite,https://assets.productschool.com/wp-content/uploads/2018/09/27092856/Amazon-Alexa1.png,Abhiram Moturi,"Thursday, June 25th, 2020",11:30AM - 12:00PM (PT) ,What could be the main challenges to make Products more accessible and how can you overcome them?,Free
9,Webinar: Building Minimum Viable Product by fmr Expedia PM,https://www.eventbrite.com/e/webinar-building-minimum-viable-product-by-fmr-expedia-pm-tickets-106386671398?aff=pswebsite,https://assets.productschool.com/wp-content/uploads/2018/10/30140232/Expedia-Group-square.jpg,Kate Grinevskaja,"Thursday, June 25th, 2020",2:00PM - 2:30PM (PT) ,,Free
10,Webinar: Boos-trapping a Product Team by Candy Crush Director of Product,https://www.eventbrite.com/e/webinar-boos-trapping-a-product-team-by-king-director-of-product-tickets-106754918836?aff=pswebsite,https://assets.productschool.com/wp-content/uploads/2019/11/11122852/ps_proddys_winners_candyCrush.jpg,Fernando Diaz Gestal,"Friday, June 26th, 2020",11:30AM - 12:00PM (PT) ,,Free
11,Webinar: Building Ecosystems Around Nascent Techs by fmr Adobe PM,https://www.eventbrite.com/e/webinar-building-ecosystems-around-nascent-techs-by-fmr-adobe-pm-tickets-108439585720?aff=pswebsite,https://assets.productschool.com/wp-content/uploads/2020/04/07144757/adobe_logo.png,Craig Dewitt,"Friday, June 26th, 2020",2:00PM - 2:30PM (PT) ,,Free
12,Webinar: What Makes a Good Product Manager by Uber PM,https://www.eventbrite.com/e/webinar-what-makes-a-good-product-manager-by-uber-pm-tickets-107682962640?aff=pswebsite,https://assets.productschool.com/wp-content/uploads/2018/10/15160145/uber_logo_square.png,Ankit Goyal,"Saturday, June 27th, 2020",11:30AM - 12:00PM (PT) ,,Free
13,Webinar: Measuring What Matters by Google PM,https://www.eventbrite.com/e/webinar-developing-thinking-about-measurements-by-google-pm-tickets-108440500456?aff=pswebsite,https://assets.productschool.com/wp-content/uploads/2018/09/16142253/google_logo_square-e1539700004251.jpg,Shreenath Regunathan,"Sunday, June 28th, 2020",11:30AM - 12:00PM (PT) ,,Free
14,Webinar: Lessons from the Best PMs I have Worked With by Miro PM,https://www.eventbrite.com/e/webinar-lessons-from-the-best-pms-i-have-worked-with-by-miro-pm-tickets-107840722504?aff=pswebsite,https://assets.productschool.com/wp-content/uploads/2020/04/28144646/miro.png,Ksenia Apolonskaya,"Monday, June 29th, 2020",11:30AM - 12:00PM (PT) ,,Free
15,Webinar: Insight Into Commerce Platform PM by Microsoft Sr PM,https://www.eventbrite.com/e/webinar-insight-into-commerce-platform-pm-by-microsoft-sr-pm-tickets-105817557162?aff=pswebsite,https://assets.productschool.com/wp-content/uploads/2018/08/13151639/Microsoft-square.png,Vishal Balasubramaniam,"Monday, June 29th, 2020",2:00PM - 2:30PM (PT) ,,Free
16,Product Management Live Chat by fmr Google PM,https://www.eventbrite.com/e/product-management-live-chat-by-fmr-google-pm-tickets-102901485112?aff=pswebsite,https://assets.productschool.com/wp-content/uploads/2018/09/16142253/google_logo_square-e1539700004251.jpg,Jocelyn Miller,"Tuesday, June 30th, 2020",10:30AM - 11:00AM (PT) ,,Free
17,Webinar: The Tipping Point of Enterprise AI Product by Salesforce Sr Dir PM,https://www.eventbrite.com/e/webinar-the-tipping-point-of-enterprise-ai-product-by-salesforce-sr-dir-pm-tickets-105258456878?aff=pswebsite,https://assets.productschool.com/wp-content/uploads/2018/12/17182456/salesforce_.jpg,Mayukh Bhaowal,"Tuesday, June 30th, 2020",11:30AM - 12:00PM (PT) ,,Free
18,Webinar: Product & Development Collab Tactics by Workday Dir of PM,https://www.eventbrite.com/e/webinar-product-development-collab-tactics-by-workday-dir-of-pm-tickets-106914604460?aff=pswebsite,https://assets.productschool.com/wp-content/uploads/2018/08/17093833/Workday.png,Fazal Gupta,"Tuesday, June 30th, 2020",2:00PM - 2:30PM (PT) ,,Free
19,Webinar: Lessons of Product Localization from Airbnb by Airbnb fmr PM,https://www.eventbrite.com/e/webinar-lessons-of-product-localization-from-airbnb-by-airbnb-fmr-pm-tickets-107935283338?aff=pswebsite,https://assets.productschool.com/wp-content/uploads/2017/01/11133513/AirBnB-square.png,Julian Leung,"Wednesday, July 1st, 2020",11:30AM - 12:00PM (PT) ,,Free
20,Fireside Chat with Segment VP of Product,https://www.eventbrite.com/e/fireside-chat-with-segment-vp-of-product-tickets-103510362280?aff=pswebsite,https://assets.productschool.com/wp-content/uploads/2020/04/28141155/segment.png,Ben Galbraith,"Wednesday, July 1st, 2020",1:00PM - 1:30PM (PT) ,,Free
21,Webinar: Product Strategy & The Time Poor PM by Intercom Sr PM,https://www.eventbrite.com/e/webinar-product-strategy-the-time-poor-pm-by-intercom-sr-pm-tickets-107689851244?aff=pswebsite,https://assets.productschool.com/wp-content/uploads/2020/05/18132329/Intercom.png,Mathew Cropper,"Wednesday, July 1st, 2020",2:00PM - 2:30PM (PT) ,,Free
22,Product Management Live Chat by Uber Product Manager,https://www.eventbrite.com/e/product-management-live-chat-by-uber-product-manager-tickets-105382028484?aff=pswebsite,https://assets.productschool.com/wp-content/uploads/2018/10/15160145/uber_logo_square.png,Shiva Arunachalam,"Thursday, July 2nd, 2020",10:30AM - 11:00AM (PT) ,,Free
23,Webinar: Pivots by Spotify Product Manager,https://www.eventbrite.com/e/webinar-pivots-by-spotify-product-manager-tickets-99183886675?aff=pswebsite,https://assets.productschool.com/wp-content/uploads/2018/08/09083333/spotify_logo_square.png,Anya Ruvinskaya,"Thursday, July 2nd, 2020",11:30AM - 12:00PM (PT) ,,Free
24,Webinar: Growth Optimization: Metrics & Frameworks by MasterClass Sr PM,https://www.eventbrite.com/e/webinar-growth-optimization-metrics-frameworks-by-masterclass-sr-pm-tickets-104743703236?aff=pswebsite,https://assets.productschool.com/wp-content/uploads/2019/12/18163143/masterclass.png,"Thursday, July 2nd, 2020",2:00PM - 2:30PM (PT) ,Online,,Free
25,Webinar: Managing an ML Product as a Black-Box by fmr Groupon Sr BI PM,https://www.eventbrite.com/e/webinar-managing-an-ml-product-as-a-black-box-by-fmr-groupon-sr-bi-pm-tickets-104427892638?aff=pswebsite,https://assets.productschool.com/wp-content/uploads/2017/11/08103840/joboffer-groupon.png,Gianluca Gindro,"Friday, July 3rd, 2020",11:30AM - 12:00PM (PT) ,,Free
26,Webinar: A Practical Template for Product Thinking by Google PM,https://www.eventbrite.com/e/webinar-a-practical-template-for-product-thinking-by-google-pm-tickets-108139674678?aff=pswebsite,https://assets.productschool.com/wp-content/uploads/2018/09/16142253/google_logo_square-e1539700004251.jpg,Prashant Nair,"Friday, July 3rd, 2020",2:00PM - 2:30PM (PT) ,,Free
27,Webinar: Decision Making for PMs by Atlassian PM,https://www.eventbrite.com/e/webinar-decision-making-for-pms-by-atlassian-pm-tickets-107739688308?aff=pswebsite,https://assets.productschool.com/wp-content/uploads/8142/09/08092309/Atlassian-square-2.png,Vidhu Sharma,"Saturday, July 4th, 2020",11:30AM - 12:00PM (PT) ,,Free
28,Webinar: Delivering Product for Different Cultures by Alibaba Lead PM,https://www.eventbrite.com/e/webinar-delivering-product-for-different-cultures-by-alibaba-lead-pm-tickets-106091959908?aff=pswebsite,https://assets.productschool.com/wp-content/uploads/2020/04/23105824/alibaba.png,Idan Fargeon,"Sunday, July 5th, 2020",11:30AM - 12:00PM (PT) ,,Free
29,Webinar: 8 Difficulties When Entering Chinese Market by Airbnb fmr PM,https://www.eventbrite.com/e/webinar-8-difficulties-when-entering-chinese-market-by-airbnb-fmr-pm-tickets-107743387372?aff=pswebsite,https://assets.productschool.com/wp-content/uploads/2017/01/11133513/AirBnB-square.png,Julian Leung,"Monday, July 6th, 2020",11:30AM - 12:00PM (PT) ,,Free
30,Webinar: How to Become Better at Prioritization by fmr Dropbox PM,https://www.eventbrite.com/e/webinar-how-to-become-better-at-prioritization-by-fmr-dropbox-pm-tickets-107753022190?aff=pswebsite,https://assets.productschool.com/wp-content/uploads/2018/10/09122045/Dropbox-square-2.jpg,Ketan Nayak,"Monday, July 6th, 2020",2:00PM - 2:30PM (PT) ,,Free
31,Product Management Live Chat by Target Director of PM,https://www.eventbrite.com/e/product-management-live-chat-by-target-director-of-pm-tickets-104427894644?aff=pswebsite,https://assets.productschool.com/wp-content/uploads/2017/01/11140229/Target-square.png,Sada Kshirsagar,"Tuesday, July 7th, 2020",10:30AM - 11:00AM (PT) ,,Free
32,Webinar: How to Work With a Finance Team? by DAZN Sr PM,https://www.eventbrite.com/e/webinar-how-to-work-with-a-finance-team-by-dazn-sr-pm-tickets-107747818626?aff=pswebsite,https://assets.productschool.com/wp-content/uploads/2019/03/27142648/DAZN.png,Richard Giannetti,"Tuesday, July 7th, 2020",11:30AM - 12:00PM (PT) ,,Free
33,Webinar: Best Practices of Product Interviewing by fmr Lyft Sr PM,https://www.eventbrite.com/e/webinar-best-practices-of-product-interviewing-by-fmr-lyft-sr-pm-tickets-108143056794?aff=pswebsite,https://assets.productschool.com/wp-content/uploads/2017/01/11140206/lyft-square.png,Hadar Dor,"Tuesday, July 7th, 2020",2:00PM - 2:30PM (PT) ,,Free
34,Fireside Chat with Chartio CEO,https://www.eventbrite.com/e/fireside-chat-with-chartio-ceo-tickets-104021834106?aff=pswebsite,https://assets.productschool.com/wp-content/uploads/2020/02/18152355/Chartio.png,Dave Fowler,"Wednesday, July 8th, 2020",11:30AM - 12:00PM (PT) ,,Free
35,Webinar: How to Identify Product Opportunities by LinkedIn PM,https://www.eventbrite.com/e/webinar-how-to-identify-product-opportunities-by-linkedin-pm-tickets-107971489632?aff=pswebsite,https://assets.productschool.com/wp-content/uploads/2019/12/23172919/Linkedin_logo_new.png,Brady Simpson,"Wednesday, July 8th, 2020",2:00PM - 2:30PM (PT) ,,Free
36,Product Management Live Chat by Google PM,https://www.eventbrite.com/e/product-management-live-chat-by-google-pm-tickets-105811611378?aff=pswebsite,https://assets.productschool.com/wp-content/uploads/2018/09/16142253/google_logo_square-e1539700004251.jpg,Prashant Nair,"Thursday, July 9th, 2020",10:30AM - 11:00AM (PT) ,,Free
37,Webinar: Driving Machine Learning Roadmaps by Amazon Sr Tech PM,https://www.eventbrite.com/e/webinar-driving-machine-learning-roadmaps-by-amazon-sr-tech-pm-tickets-104663387008?aff=pswebsite,https://assets.productschool.com/wp-content/uploads/2018/09/27092856/Amazon-Alexa1.png,Prerna Kaul,"Friday, July 10th, 2020",11:30AM - 12:00PM (PT) ,,Free
38,Webinar: Building an eCommerce Catalog by Walmart Group PM,https://www.eventbrite.com/e/webinar-building-an-ecommerce-catalog-by-walmart-sr-pm-tickets-108698801040?aff=pswebsite,https://assets.productschool.com/wp-content/uploads/2017/01/11134244/walmart-square.png,Lara Ganesan,"Friday, July 10th, 2020",2:00PM - 2:30PM (PT) ,,Free
39,Webinar: Leading in Times of Crisis by Instagram PM,https://www.eventbrite.com/e/webinar-leading-in-times-of-crisis-by-instagram-pm-tickets-108482590348?aff=pswebsite,https://assets.productschool.com/wp-content/uploads/2019/07/23102251/instagram-logo.png,Deotima Mukherjee,"Saturday, July 11th, 2020",11:30AM - 12:00PM (PT) ,,Free
40,Webinar: Hacking Your Product Management Interview by Google PM,https://www.eventbrite.com/e/webinar-hacking-your-product-management-interview-by-google-pm-tickets-108870073320?aff=pswebsite,https://assets.productschool.com/wp-content/uploads/2018/09/16142253/google_logo_square-e1539700004251.jpg,Jeremy Lewallen,"Sunday, July 12th, 2020",11:30AM - 12:00PM (PT) ,,Free
41,Webinar: Planning for the Future by fmr Square Product Lead,https://www.eventbrite.com/e/webinar-planning-for-the-future-by-square-product-lead-tickets-108441597738?aff=pswebsite,https://assets.productschool.com/wp-content/uploads/2018/11/28154716/square_ogo.jpg,Thorsten Jaeckel,"Monday, July 13th, 2020",11:30AM - 12:00PM (PT) ,,Free
42,Webinar: How to Build Great Products by Dropbox PM,https://www.eventbrite.com/e/webinar-how-to-build-great-products-by-dropbox-pm-tickets-108441599744?aff=pswebsite,https://assets.productschool.com/wp-content/uploads/2018/10/09122045/Dropbox-square-2.jpg,Tansik Koyuncu,"Monday, July 13th, 2020",2:00PM - 2:30PM (PT) ,,Free
43,Webinar: How Much Should We Commit by WeWork Product Lead,https://www.eventbrite.com/e/webinar-how-much-should-we-commit-by-wework-product-lead-tickets-109362215330?aff=pswebsite,https://assets.productschool.com/wp-content/uploads/2016/12/08114808/WeWork-square-14.jpg,Asaf Bord,"Monday, July 13th, 2020",2:00PM - 2:30PM (PT) ,,Free
44,Product Management Live Chat by Shopify Senior Product Lead,https://www.eventbrite.com/e/product-management-live-chat-by-shopify-senior-product-lead-tickets-104450341784?aff=pswebsite,https://assets.productschool.com/wp-content/uploads/5101/49/07144959/Shopify-square.png,Miqdad Jaffer,"Tuesday, July 14th, 2020",10:30AM - 11:00AM (PT) ,,Free
45,Webinar: Building Platforms as Part of a Large Org. by Google PM,https://www.eventbrite.com/e/webinar-building-platforms-as-part-of-a-large-org-by-google-pm-tickets-110610027570?aff=pswebsite,https://www.productschool.com/wp-content/themes/productschool-v3//build/assets/favicon/apple-touch-icon.png,Monica Ugwi,"Tuesday, July 14th, 2020",11:30AM - 12:00PM (PT) ,,Free
46,Webinar: Transition into PM from Non-Tech Fields by fmr Weedmaps Sr PM,https://www.eventbrite.com/e/webinar-transition-into-pm-from-non-tech-fields-by-fmr-weedmaps-sr-pm-tickets-109138817140?aff=pswebsite,https://assets.productschool.com/wp-content/uploads/2018/09/06124014/weedmaps.png,Carl Davidson,"Tuesday, July 14th, 2020",2:00PM - 2:30PM (PT) ,,Free
47,Webinar: B2B vs B2C Product Management by Walmart Sr Group PM,https://www.eventbrite.com/e/webinar-the-future-of-product-management-by-walmart-sr-pm-tickets-108442065136?aff=pswebsite,https://assets.productschool.com/wp-content/uploads/2018/09/13134848/walmart-square.png,Rekha Venkatakrishnan,"Wednesday, July 15th, 2020",11:30AM - 12:00PM (PT) ,,Free
48,Fireside Chat with UserVoice CEO,https://www.eventbrite.com/e/fireside-chat-with-uservoice-ceo-tickets-104635246840?aff=pswebsite,https://assets.productschool.com/wp-content/uploads/2020/05/08113424/uservoice-logo.png,Carlos Gonz√°lez De Villaumbrosia and Richard White,"Wednesday, July 15th, 2020",1:00PM - 1:30PM (PT) ,,Free
49,Webinar: Product Portfolio Management by Moody's Analytics Dir PM,https://www.eventbrite.com/e/webinar-product-portfolio-management-by-moodys-analytics-dir-pm-tickets-109139641606?aff=pswebsite,https://assets.productschool.com/wp-content/uploads/2020/06/11151301/MA_RGB_Blue-e1591888404398.jpg,Deepak Parmani,"Wednesday, July 15th, 2020",2:00PM - 2:30PM (PT) ,,Free
50,Product Management Live Chat by fmr Yahoo Senior PM,https://www.eventbrite.com/e/product-management-live-chat-by-fmr-yahoo-senior-pm-tickets-104427988926?aff=pswebsite,https://assets.productschool.com/wp-content/uploads/2019/11/29105711/yahoo.jpg,Derek Kwan,"Thursday, July 16th, 2020",10:30AM - 11:00AM (PT) ,,Free
51,Webinar: Behind the Scenes of Recruiting by fmr Amazon Recruiting Manager,https://www.eventbrite.com/e/webinar-how-do-recruiters-work-by-fmr-amazon-recruiting-manager-tickets-108443220592?aff=pswebsite,https://assets.productschool.com/wp-content/uploads/2018/09/27092856/Amazon-Alexa1.png,Erwin Chan,"Thursday, July 16th, 2020",11:30AM - 12:30PM (PT) ,,Free
52,Webinar: Building for the Next Billion by Google Product Manager,https://www.eventbrite.com/e/building-for-the-next-billion-by-google-product-manager-tickets-88638463029?aff=pswebsite,https://assets.productschool.com/wp-content/uploads/2018/09/16142253/google_logo_square-e1539700004251.jpg,Shreyas Deshmukh,"Thursday, July 16th, 2020",2:00PM - 2:30PM (PT) ,,Free
53,Webinar: Navigating Ambiguity Through Prioritization by Uber Product Lead,https://www.eventbrite.com/e/webinar-navigating-ambiguity-through-prioritization-by-uber-product-lead-tickets-108967117582?aff=pswebsite,https://assets.productschool.com/wp-content/uploads/2018/10/15160145/uber_logo_square.png,Akash Gupta,"Friday, July 17th, 2020",11:30AM - 12:00PM (PT) ,,Free
54,Webinar: Optimize to Learn Early in Your PM Career by fmr Uber PM,https://www.eventbrite.com/e/webinar-how-to-keep-your-team-motivated-by-fmr-uber-pm-tickets-108443439246?aff=pswebsite,https://assets.productschool.com/wp-content/uploads/2018/10/15160145/uber_logo_square.png,Anthony Emberley,"Friday, July 17th, 2020",2:00PM - 2:30PM (PT) ,,Free
55,Webinar: Level Up Your Tech Skills to Build Better Products by Upwork PM,https://www.eventbrite.com/e/webinar-level-your-tech-skills-to-build-better-products-by-upwork-pm-tickets-108439336976?aff=pswebsite,https://assets.productschool.com/wp-content/uploads/2020/06/08102839/Upwork.png,Rachel Moore,"Saturday, July 18th, 2020",11:30AM - 12:00PM (PT) ,,Free
56,Webinar: What Sucks About Product Management by Salesforce Sr PM,https://www.eventbrite.com/e/webinar-what-sucks-about-product-management-by-salesforce-sr-pm-tickets-108701767914?aff=pswebsite,https://assets.productschool.com/wp-content/uploads/2018/12/17182456/salesforce_.jpg,Martie Burris,"Monday, July 20th, 2020",11:30AM - 12:00PM (PT) ,,Free
57,Product Management Live Chat by Expedia Senior Product Manager,https://www.eventbrite.com/e/product-management-live-chat-by-expedia-senior-product-manager-tickets-101055565918?aff=pswebsite,https://assets.productschool.com/wp-content/uploads/2018/08/17123633/Expedia.png,Laura Edwards,"Tuesday, July 21st, 2020",10:30AM - 11:00AM (PT) ,,Free
58,Fireside Chat with fmr Tinder CPO,https://www.eventbrite.com/e/fireside-chat-with-fmr-tinder-cpo-tickets-109291343350?aff=pswebsite,https://assets.productschool.com/wp-content/uploads/2016/08/11134423/tinder-square-1.png,Carlos Gonz√°lez De Villaumbrosia and Ravi Mehta,"Tuesday, July 21st, 2020",11:30AM - 12:00PM (PT) ,,Free
59,Webinar: Being a Remote Product Manager by Groupon Sr PM,https://www.eventbrite.com/e/webinar-being-a-remote-product-manager-by-groupon-sr-pm-tickets-108967298122?aff=pswebsite,https://assets.productschool.com/wp-content/uploads/2017/11/08103840/joboffer-groupon.png,Gary Webb,"Tuesday, July 21st, 2020",2:00PM - 2:30PM (PT) ,,Free
60,Webinar: Why Retention is the New Growth for Product Leaders,https://www.eventbrite.com/e/webinar-why-retention-is-the-new-growth-for-product-leaders-tickets-109291716466?aff=pswebsite,https://assets.productschool.com/wp-content/uploads/2016/12/08134030/Pendo.io-square6.png,Bella Renney and Chad Burnette,"Wednesday, July 22nd, 2020",11:30AM - 12:00PM (PT) ,,Free
61,Fireside Chat with Mixpanel VP of Product,https://www.eventbrite.com/e/fireside-chat-with-mixpanel-ceo-tickets-103417979962?aff=pswebsite,https://assets.productschool.com/wp-content/uploads/2020/04/02092451/card-mixpanel.png,Carlos Gonz√°lez De Villaumbrosia and Neil Rahilly,"Wednesday, July 22nd, 2020",1:00PM - 1:30PM (PT) ,,Free
62,"Webinar: Communicating with Humans, the PM Way by Expedia PM",https://www.eventbrite.com/e/webinar-communicating-with-humans-the-pm-way-by-expedia-pm-tickets-109366947484?aff=pswebsite,https://assets.productschool.com/wp-content/uploads/2018/10/30140232/Expedia-Group-square.jpg,Swathi Kantharaja,"Wednesday, July 22nd, 2020",2:00PM - 2:30PM (PT) ,,Free
63,Product Management Live Chat by fmr Amex Dir of Digital Product,https://www.eventbrite.com/e/product-management-live-chat-by-fmr-amex-dir-of-digital-product-tickets-105083485534?aff=pswebsite,https://assets.productschool.com/wp-content/uploads/2019/01/24140715/american_express.png,Michael Mayers,"Thursday, July 23rd, 2020",10:30AM - 11:00AM (PT) ,,Free
64,Webinar: Going from Zero to Hero with Your Product by CNN Sr PM,https://www.eventbrite.com/e/webinar-going-from-zero-to-hero-with-your-product-by-cnn-sr-pm-tickets-110610972396?aff=pswebsite,https://www.productschool.com/wp-content/themes/productschool-v3//build/assets/favicon/apple-touch-icon.png,Narain Bala,"Thursday, July 23rd, 2020",11:30AM - 12:00PM (PT) ,,Free
65,Webinar: Growth Optimization: Metrics & Frameworks by fmr Airbnb PM,https://www.eventbrite.com/e/webinar-growth-optimization-metrics-frameworks-by-fmr-airbnb-pm-tickets-109291720478?aff=pswebsite,https://assets.productschool.com/wp-content/uploads/2017/01/11133513/AirBnB-square.png,Michael Houck,"Thursday, July 23rd, 2020",2:00PM - 2:30PM (PT) ,,Free
66,Webinar: Setup Your Team for Remote Product Discovery by CNN Sr PM,https://www.eventbrite.com/e/webinar-setup-your-team-for-remote-product-discovery-by-cnn-sr-pm-tickets-106949520896?aff=pswebsite,https://assets.productschool.com/wp-content/uploads/2018/07/10090855/CNN-SQUARE.png,Jarrett Blankenship,"Friday, July 24th, 2020",11:30AM - 12:00PM (PT) ,,Free
67,Webinar: Working Cross-Functionally as a PM by eBay Sr PM,https://www.eventbrite.com/e/webinar-working-cross-functionally-as-a-pm-by-ebay-sr-pm-tickets-110610974402?aff=pswebsite,https://www.productschool.com/wp-content/themes/productschool-v3//build/assets/favicon/apple-touch-icon.png,Shrikant Kadu,"Friday, July 24th, 2020",2:00PM - 2:30PM (PT) ,,Free
68,Webinar: How to Work with Engineers as PM by Google Product Lead,https://www.eventbrite.com/e/how-to-work-with-engineering-as-pms-by-google-product-lead-tickets-89776372547?aff=pswebsite,https://assets.productschool.com/wp-content/uploads/2018/09/16142253/google_logo_square-e1539700004251.jpg,Israel Shalom,"Saturday, July 25th, 2020",11:30AM - 12:00PM (PT) ,,Free
69,Webinar: How to Get a Group on the Same Page by Google PM,https://www.eventbrite.com/e/webinar-how-to-get-a-group-on-the-same-page-by-google-pm-tickets-109139643612?aff=pswebsite,https://assets.productschool.com/wp-content/uploads/2018/09/16142253/google_logo_square-e1539700004251.jpg,Darko Vukovic,"Sunday, July 26th, 2020",11:30AM - 12:00PM (PT) ,,Free
70,Webinar: B2B vs B2C Product Management by Uber Sr PM,https://www.eventbrite.com/e/webinar-b2b-vs-b2c-product-management-by-uber-sr-pm-tickets-110255152128?aff=pswebsite,https://assets.productschool.com/wp-content/uploads/2018/10/15160145/uber_logo_square.png,Shobha Subramanian,"Monday, July 27th, 2020",11:30AM - 12:00PM (PT) ,,Free
71,Product Management Live Chat by Uber Product Lead,https://www.eventbrite.com/e/product-management-live-chat-by-uber-product-lead-tickets-102683872226?aff=pswebsite,https://assets.productschool.com/wp-content/uploads/2017/01/08135806/Uber-circle-19.jpg,Sunil Parekh,"Tuesday, July 28th, 2020",10:30AM - 11:00AM ,,Free
72,Webinar: Remote Product Management by fmr Google PM,https://www.eventbrite.com/e/webinar-remote-product-management-by-google-pm-tickets-109805124082?aff=pswebsite,https://assets.productschool.com/wp-content/uploads/2018/09/16142253/google_logo_square-e1539700004251.jpg,Vivek Gandhi,"Tuesday, July 28th, 2020",11:30AM - 12:00PM (PT) ,,Free
73,Fireside Chat with Mural CEO,https://www.eventbrite.com/e/fireside-chat-with-mural-ceo-tickets-106217567604?aff=pswebsite,https://assets.productschool.com/wp-content/uploads/2020/05/18132118/Mural.png,Carlos Gonz√°lez De Villaumbrosia and Mariano Suarez Battan,"Tuesday, July 28th, 2020",1:00PM - 1:30PM (PT) ,,Free
74,How to Hack Your Linkedin Profile for Product Managers,https://www.eventbrite.com/e/webinar-how-to-optimize-your-linkedin-profile-to-land-a-pm-job-tickets-96864206449?aff=pswebsite,https://assets.productschool.com/wp-content/uploads/2019/12/23172919/Linkedin_logo_new.png,"Wednesday, July 29th, 2020",11:30AM - 12:00PM (PT) ,Online,,Free
75,Product Management Live Chat by fmr Amazon PM,https://www.eventbrite.com/e/product-management-live-chat-by-fmr-amzon-pm-tickets-105112747056?aff=pswebsite,https://assets.productschool.com/wp-content/uploads/2018/09/27092856/Amazon-Alexa1.png,Vyom Nagrani,"Thursday, July 30th, 2020",10:30AM - 11:00AM (PT) ,,Free
76,"Webinar: OKRs for Strategic, Outcome-Based Planning By New York Times PM",https://www.eventbrite.com/e/webinar-okrs-for-strategic-outcome-based-planning-by-new-york-times-pm-tickets-110614107774?aff=pswebsite,https://www.productschool.com/wp-content/themes/productschool-v3//build/assets/favicon/apple-touch-icon.png,Brian Peterson,"Thursday, July 30th, 2020",11:30AM - 12:00PM (PT) ,,Free
77,Webinar: PM Learnings: Startups vs Global Enterprises by PayPal Sr PM,https://www.eventbrite.com/e/webinar-pm-learnings-startups-vs-global-enterprises-by-paypal-sr-pm-tickets-110295079552?aff=pswebsite,https://www.productschool.com/wp-content/themes/productschool-v3//build/assets/favicon/apple-touch-icon.png,Saurabh Pareek,"Friday, July 31st, 2020",11:30AM - 12:00PM (PT) ,,Free
78,"Webinar: How to Thrive, Not Just Survive at Product by BBC PM",https://www.eventbrite.com/e/webinar-how-to-thrive-not-just-survive-at-product-by-bbc-pm-tickets-109783290778?aff=pswebsite,https://assets.productschool.com/wp-content/uploads/2018/09/03110648/BBC-Square.png,Mike Skelton,"Friday, July 31st, 2020",2:00PM - 2:30PM (PT) ,,Free
79,Product Management Live Chat by Microsoft Product Manager,https://www.eventbrite.com/e/product-management-live-chat-by-microsoft-product-manager-tickets-102972866616?aff=pswebsite,https://assets.productschool.com/wp-content/uploads/8141/19/31155958/Microsoft-square-2.png,Alokik Jain,"Tuesday, August 4th, 2020",10:30AM - 11:00AM (PT) ,,Free
80,Webinar: Unblock Your Career by Lyft Product Manager,https://www.eventbrite.com/e/webinar-unblock-your-career-by-lyft-product-manager-tickets-108871603898?aff=pswebsite,https://assets.productschool.com/wp-content/uploads/2017/01/11140206/lyft-square.png,Anna Pan,"Tuesday, August 4th, 2020",11:30AM - 12:00PM (PT) ,,Free
81,Webinar: Managing Products During a Pandemic by Mastercard Dir of PM,https://www.eventbrite.com/e/webinar-managing-products-during-pandemic-by-mastercard-dir-of-pm-tickets-109139753942?aff=pswebsite,https://assets.productschool.com/wp-content/uploads/2016/12/11132853/Mastercard-square.jpg,Anthony Kuyoro,"Tuesday, August 4th, 2020",2:00PM - 2:30PM (PT) ,,Free
82,Webinar: PM-ing Your Career by Walmart Labs Sr Product Manager,https://www.eventbrite.com/e/webinar-pm-ing-your-career-by-walmart-labs-sr-product-manager-tickets-109805176238?aff=pswebsite,https://assets.productschool.com/wp-content/uploads/2018/11/21152518/Walmart-labs.jpg,Janani Jayakumar,"Wednesday, August 5th, 2020",11:30AM - 12:00PM (PT) ,,Free
83,Product Management Live Chat by HubSpot Product Manager,https://www.eventbrite.com/e/product-management-live-chat-by-hubspot-product-manager-tickets-105381978334?aff=pswebsite,https://assets.productschool.com/wp-content/uploads/2018/08/21080313/HubSpot-Square.png,Klajdi Turlla,"Thursday, August 6th, 2020",10:30AM - 11:00AM (PT) ,,Free
84,Webinar: Traits of an Enterprise Product Manager by AWS Sr PM,https://www.eventbrite.com/e/webinar-traits-of-an-enterprise-product-manager-by-aws-sr-pm-tickets-94633446185?aff=pswebsite,https://assets.productschool.com/wp-content/uploads/2019/09/19133035/aws.png,Murtaza Chowdhury,"Thursday, August 6th, 2020",11:30AM - 12:00PM (PT) ,,Free
85,Webinar: How to Talk to Customers by Google PM,https://www.eventbrite.com/e/webinar-how-to-talk-to-customers-by-google-pm-tickets-109954789736?aff=pswebsite,https://assets.productschool.com/wp-content/uploads/2018/09/16142253/google_logo_square-e1539700004251.jpg,David Li,"Thursday, August 6th, 2020",2:00PM - 2:30PM (PT) ,,Free
86,Webinar: The Importance of Soft Skills as a PM by Google PM,https://www.eventbrite.com/e/webinar-the-importance-of-soft-skills-as-a-pm-by-google-pm-tickets-109817944428?aff=pswebsite,https://assets.productschool.com/wp-content/uploads/2018/09/16142253/google_logo_square-e1539700004251.jpg,Manosai Eerabathini,"Friday, August 7th, 2020",11:30AM - 12:00PM (PT) ,,Free
87,Webinar: Handling Uncertainty as a PM by Spotify Sr PM,https://www.eventbrite.com/e/webinar-handling-uncertainty-as-a-pm-by-spotify-sr-pm-tickets-109958179876?aff=pswebsite,https://assets.productschool.com/wp-content/uploads/2018/08/09083333/spotify_logo_square.png,Ekaterina Monnot,"Monday, August 10th, 2020",11:30AM - 12:00PM (PT) ,,Free
88,Product Management Live Chat by Adobe Group PM,https://www.eventbrite.com/e/product-management-live-chat-by-adobe-group-pm-tickets-102973009042?aff=pswebsite,https://assets.productschool.com/wp-content/uploads/2019/01/10144701/adobe.png,Kavita Mittal,"Tuesday, August 11th, 2020",10:30AM - 11:00AM (PT) ,,Free
89,Product Management Live Chat by fmr GoPro Sr Director of Product,https://www.eventbrite.com/e/product-management-live-chat-by-fmr-gopro-sr-director-of-product-tickets-104428364048?aff=pswebsite,https://assets.productschool.com/wp-content/uploads/2017/01/11145120/GoPro-square.png,Adam Silver,"Thursday, August 13th, 2020",10:30AM - 11:00AM (PT) ,,Free
90,Webinar: How to be an Effective Product Leader by Uber Group PM,https://www.eventbrite.com/e/webinar-how-to-be-an-effective-product-leader-by-uber-group-pm-tickets-110614823916?aff=pswebsite,https://www.productschool.com/wp-content/themes/productschool-v3//build/assets/favicon/apple-touch-icon.png,"Friday, August 14th, 2020",11:30AM - 12:00PM (PT) ,Online,,Free
91,Product Management Live Chat by Ticketmaster Director of Product,https://www.eventbrite.com/e/product-management-live-chat-by-ticketmaster-director-of-product-tickets-104762982902?aff=pswebsite,https://assets.productschool.com/wp-content/uploads/2018/07/27132919/Ticketmaster-Square.png,Amad Amin,"Tuesday, August 18th, 2020",10:30AM - 11:00AM (PT) ,,Free
92,Product Management Live Chat by fmr Northwestern Mutual CPO,https://www.eventbrite.com/e/product-management-live-chat-by-fmr-northwestern-mutual-cpo-tickets-106092256796?aff=pswebsite,https://assets.productschool.com/wp-content/uploads/2018/11/19150835/northwestern_mutual_.jpg,Vivek Bedi,"Thursday, August 20th, 2020",10:30AM - 11:00AM (PT) ,,Free
93,Product Management Live Chat by Airbnb PM,https://www.eventbrite.com/e/product-management-live-chat-by-airbnb-pm-tickets-109955411596?aff=pswebsite,https://assets.productschool.com/wp-content/uploads/2017/01/11133513/AirBnB-square.png,Azad Zahoory,"Tuesday, August 25th, 2020",10:30AM - 11:00AM (PT) ,,Free
94,Fireside Chat with Waymo CPO,https://www.eventbrite.com/e/fireside-chat-with-waymo-cpo-tickets-108443064124?aff=pswebsite,https://assets.productschool.com/wp-content/uploads/2020/06/08114852/waymo.png,Dan Chu,"Tuesday, August 25th, 2020",11:30AM - 12:00PM (PT) ,,Free
95,Product Management Live Chat by Drift Director of Product,https://www.eventbrite.com/e/product-management-live-chat-by-drift-director-of-product-tickets-105966209786?aff=pswebsite,https://assets.productschool.com/wp-content/uploads/2020/05/18132317/Drift.png,Maggie Crowley,"Thursday, August 27th, 2020",10:30AM - 11:00AM (PT) ,,Free
96,Product Management Live Chat by Google Product Manager,https://www.eventbrite.com/e/product-management-live-chat-by-google-product-manager-tickets-103510643120?aff=pswebsite,https://assets.productschool.com/wp-content/uploads/2018/09/16142253/google_logo_square-e1539700004251.jpg,Tyson Mao,"Tuesday, September 1st, 2020",10:30AM - 11:00AM (PT) ,,Free
97,Product Management Live Chat by Salesforce Sr Director PM,https://www.eventbrite.com/e/product-management-live-chat-by-salesforce-sr-director-pm-tickets-107690515230?aff=pswebsite,https://assets.productschool.com/wp-content/uploads/2018/12/17182456/salesforce_.jpg,Divya Ashhok,"Tuesday, September 8th, 2020",10:30AM - 11:00AM (PT) ,,Free
